"since","until","city","tag","value"
"Mon Mar 05 2018","Tue Mar 06 2018","milton-keynes","Rough sleepers",248
"Mon Mar 05 2018","Tue Mar 06 2018","milton-keynes","five",240
"Mon Mar 05 2018","Tue Mar 06 2018","milton-keynes","Six",240
"Mon Mar 05 2018","Tue Mar 06 2018","milton-keynes","refuses",240
"Mon Mar 05 2018","Tue Mar 06 2018","milton-keynes","may",240
"Mon Mar 05 2018","Tue Mar 06 2018","milton-keynes","take",240
"Mon Mar 05 2018","Tue Mar 06 2018","milton-keynes","fortnight",240
"Mon Mar 05 2018","Tue Mar 06 2018","milton-keynes","Theresa",240
"Mon Mar 05 2018","Tue Mar 06 2018","milton-keynes","died",240
"Mon Mar 05 2018","Tue Mar 06 2018","milton-keynes","proble",240
"Mon Mar 05 2018","Tue Mar 06 2018","milton-keynes","streets",240
"Mon Mar 05 2018","Tue Mar 06 2018","milton-keynes","Milton",31
"Mon Mar 05 2018","Tue Mar 06 2018","milton-keynes","Keynes",31
"Mon Mar 05 2018","Tue Mar 06 2018","milton-keynes","will",12
"Mon Mar 05 2018","Tue Mar 06 2018","milton-keynes","March",12
"Mon Mar 05 2018","Tue Mar 06 2018","milton-keynes","know",9
"Mon Mar 05 2018","Tue Mar 06 2018","milton-keynes","someone",9
"Mon Mar 05 2018","Tue Mar 06 2018","milton-keynes","Protocol",8
"Mon Mar 05 2018","Tue Mar 06 2018","milton-keynes","rally",8
"Mon Mar 05 2018","Tue Mar 06 2018","milton-keynes","Severe",8
"Tue Mar 06 2018","Wed Mar 07 2018","milton-keynes","Keynes",34
"Tue Mar 06 2018","Wed Mar 07 2018","milton-keynes","Milton",34
"Tue Mar 06 2018","Wed Mar 07 2018","milton-keynes","RT",22
"Tue Mar 06 2018","Wed Mar 07 2018","milton-keynes","take",13
"Tue Mar 06 2018","Wed Mar 07 2018","milton-keynes","streets",13
"Tue Mar 06 2018","Wed Mar 07 2018","milton-keynes","hospital",12
"Tue Mar 06 2018","Wed Mar 07 2018","milton-keynes","Rough sleepers",12
"Tue Mar 06 2018","Wed Mar 07 2018","milton-keynes","may",12
"Tue Mar 06 2018","Wed Mar 07 2018","milton-keynes","Six",11
"Tue Mar 06 2018","Wed Mar 07 2018","milton-keynes","Theresa",11
"Tue Mar 06 2018","Wed Mar 07 2018","milton-keynes","refuses",11
"Tue Mar 06 2018","Wed Mar 07 2018","milton-keynes","died",11
"Tue Mar 06 2018","Wed Mar 07 2018","milton-keynes","people",11
"Tue Mar 06 2018","Wed Mar 07 2018","milton-keynes","Homelessness",11
"Tue Mar 06 2018","Wed Mar 07 2018","milton-keynes","fortnight",11
"Tue Mar 06 2018","Wed Mar 07 2018","milton-keynes","five",11
"Tue Mar 06 2018","Wed Mar 07 2018","milton-keynes","year",9
"Tue Mar 06 2018","Wed Mar 07 2018","milton-keynes","ve",8
"Tue Mar 06 2018","Wed Mar 07 2018","milton-keynes","help",8
"Tue Mar 06 2018","Wed Mar 07 2018","milton-keynes","us",8
"Wed Mar 07 2018","Thu Mar 08 2018","milton-keynes","RT",464
"Wed Mar 07 2018","Thu Mar 08 2018","milton-keynes","Rough sleepers",427
"Wed Mar 07 2018","Thu Mar 08 2018","milton-keynes","streets",426
"Wed Mar 07 2018","Thu Mar 08 2018","milton-keynes","Cardiff",425
"Wed Mar 07 2018","Thu Mar 08 2018","milton-keynes","died",425
"Wed Mar 07 2018","Thu Mar 08 2018","milton-keynes","five",425
"Wed Mar 07 2018","Thu Mar 08 2018","milton-keynes","fortnight",425
"Wed Mar 07 2018","Thu Mar 08 2018","milton-keynes","21",424
"Wed Mar 07 2018","Thu Mar 08 2018","milton-keynes","Rip",424
"Wed Mar 07 2018","Thu Mar 08 2018","milton-keynes","19",424
"Wed Mar 07 2018","Thu Mar 08 2018","milton-keynes","eight",424
"Wed Mar 07 2018","Thu Mar 08 2018","milton-keynes","Feb",424
"Wed Mar 07 2018","Thu Mar 08 2018","milton-keynes","Milt",422
"Wed Mar 07 2018","Thu Mar 08 2018","milton-keynes","Keynes",77
"Wed Mar 07 2018","Thu Mar 08 2018","milton-keynes","Milton",77
"Wed Mar 07 2018","Thu Mar 08 2018","milton-keynes","Homelessness",35
"Wed Mar 07 2018","Thu Mar 08 2018","milton-keynes","council",34
"Wed Mar 07 2018","Thu Mar 08 2018","milton-keynes","News",25
"Wed Mar 07 2018","Thu Mar 08 2018","milton-keynes","tackle",20
"Wed Mar 07 2018","Thu Mar 08 2018","milton-keynes","BBC",19
"Thu Mar 08 2018","Fri Mar 09 2018","milton-keynes","RT",238
"Thu Mar 08 2018","Fri Mar 09 2018","milton-keynes","Rough sleepers",190
"Thu Mar 08 2018","Fri Mar 09 2018","milton-keynes","streets",190
"Thu Mar 08 2018","Fri Mar 09 2018","milton-keynes","five",189
"Thu Mar 08 2018","Fri Mar 09 2018","milton-keynes","fortnight",189
"Thu Mar 08 2018","Fri Mar 09 2018","milton-keynes","died",189
"Thu Mar 08 2018","Fri Mar 09 2018","milton-keynes","Cardiff",187
"Thu Mar 08 2018","Fri Mar 09 2018","milton-keynes","Feb",187
"Thu Mar 08 2018","Fri Mar 09 2018","milton-keynes","21",187
"Thu Mar 08 2018","Fri Mar 09 2018","milton-keynes","Rip",187
"Thu Mar 08 2018","Fri Mar 09 2018","milton-keynes","19",187
"Thu Mar 08 2018","Fri Mar 09 2018","milton-keynes","Milt",186
"Thu Mar 08 2018","Fri Mar 09 2018","milton-keynes","eight",186
"Thu Mar 08 2018","Fri Mar 09 2018","milton-keynes","Milton",79
"Thu Mar 08 2018","Fri Mar 09 2018","milton-keynes","Keynes",79
"Thu Mar 08 2018","Fri Mar 09 2018","milton-keynes","Homelessness",31
"Thu Mar 08 2018","Fri Mar 09 2018","milton-keynes","council",26
"Thu Mar 08 2018","Fri Mar 09 2018","milton-keynes","tackle",22
"Thu Mar 08 2018","Fri Mar 09 2018","milton-keynes","News",20
"Thu Mar 08 2018","Fri Mar 09 2018","milton-keynes","BBC",12
"Fri Mar 09 2018","Sat Mar 10 2018","milton-keynes","RT",60
"Fri Mar 09 2018","Sat Mar 10 2018","milton-keynes","Rough sleepers",45
"Fri Mar 09 2018","Sat Mar 10 2018","milton-keynes","died",43
"Fri Mar 09 2018","Sat Mar 10 2018","milton-keynes","streets",43
"Fri Mar 09 2018","Sat Mar 10 2018","milton-keynes","Cardiff",43
"Fri Mar 09 2018","Sat Mar 10 2018","milton-keynes","fortnight",43
"Fri Mar 09 2018","Sat Mar 10 2018","milton-keynes","Rip",43
"Fri Mar 09 2018","Sat Mar 10 2018","milton-keynes","Milt",43
"Fri Mar 09 2018","Sat Mar 10 2018","milton-keynes","five",43
"Fri Mar 09 2018","Sat Mar 10 2018","milton-keynes","Feb",43
"Fri Mar 09 2018","Sat Mar 10 2018","milton-keynes","21",43
"Fri Mar 09 2018","Sat Mar 10 2018","milton-keynes","eight",43
"Fri Mar 09 2018","Sat Mar 10 2018","milton-keynes","19",43
"Fri Mar 09 2018","Sat Mar 10 2018","milton-keynes","Milton",40
"Fri Mar 09 2018","Sat Mar 10 2018","milton-keynes","Keynes",38
"Fri Mar 09 2018","Sat Mar 10 2018","milton-keynes","new",16
"Fri Mar 09 2018","Sat Mar 10 2018","milton-keynes","great",12
"Fri Mar 09 2018","Sat Mar 10 2018","milton-keynes","mental health",11
"Fri Mar 09 2018","Sat Mar 10 2018","milton-keynes","well",11
"Fri Mar 09 2018","Sat Mar 10 2018","milton-keynes","done",11
"Sat Mar 10 2018","Sun Mar 11 2018","milton-keynes","Milton",35
"Sat Mar 10 2018","Sun Mar 11 2018","milton-keynes","Keynes",35
"Sat Mar 10 2018","Sun Mar 11 2018","milton-keynes","RT",22
"Sat Mar 10 2018","Sun Mar 11 2018","milton-keynes","support",9
"Sat Mar 10 2018","Sun Mar 11 2018","milton-keynes","today",6
"Sat Mar 10 2018","Sun Mar 11 2018","milton-keynes","Rough sleepers",6
"Sat Mar 10 2018","Sun Mar 11 2018","milton-keynes","man",5
"Sat Mar 10 2018","Sun Mar 11 2018","milton-keynes","local",5
"Sat Mar 10 2018","Sun Mar 11 2018","milton-keynes","hospital",4
"Sat Mar 10 2018","Sun Mar 11 2018","milton-keynes","council",4
"Sat Mar 10 2018","Sun Mar 11 2018","milton-keynes","tackle",4
"Sat Mar 10 2018","Sun Mar 11 2018","milton-keynes","Homelessness",4
"Sat Mar 10 2018","Sun Mar 11 2018","milton-keynes","Police",4
"Sat Mar 10 2018","Sun Mar 11 2018","milton-keynes","News",4
"Sat Mar 10 2018","Sun Mar 11 2018","milton-keynes","care",4
"Sat Mar 10 2018","Sun Mar 11 2018","milton-keynes","children",4
"Sat Mar 10 2018","Sun Mar 11 2018","milton-keynes","patients",3
"Sat Mar 10 2018","Sun Mar 11 2018","milton-keynes","Plaza",3
"Sat Mar 10 2018","Sun Mar 11 2018","milton-keynes","robbery",3
"Sat Mar 10 2018","Sun Mar 11 2018","milton-keynes","collection",3
"Sun Mar 11 2018","Mon Mar 12 2018","milton-keynes","RT",44
"Sun Mar 11 2018","Mon Mar 12 2018","milton-keynes","Rip",33
"Sun Mar 11 2018","Mon Mar 12 2018","milton-keynes","Rough sleepers",33
"Sun Mar 11 2018","Mon Mar 12 2018","milton-keynes","fortnight",33
"Sun Mar 11 2018","Mon Mar 12 2018","milton-keynes","died",33
"Sun Mar 11 2018","Mon Mar 12 2018","milton-keynes","five",33
"Sun Mar 11 2018","Mon Mar 12 2018","milton-keynes","streets",33
"Sun Mar 11 2018","Mon Mar 12 2018","milton-keynes","19",32
"Sun Mar 11 2018","Mon Mar 12 2018","milton-keynes","eight",32
"Sun Mar 11 2018","Mon Mar 12 2018","milton-keynes","21",32
"Sun Mar 11 2018","Mon Mar 12 2018","milton-keynes","Milt",32
"Sun Mar 11 2018","Mon Mar 12 2018","milton-keynes","Cardiff",32
"Sun Mar 11 2018","Mon Mar 12 2018","milton-keynes","Feb",32
"Sun Mar 11 2018","Mon Mar 12 2018","milton-keynes","Milton",15
"Sun Mar 11 2018","Mon Mar 12 2018","milton-keynes","Keynes",14
"Sun Mar 11 2018","Mon Mar 12 2018","milton-keynes","today",11
"Sun Mar 11 2018","Mon Mar 12 2018","milton-keynes","great",8
"Sun Mar 11 2018","Mon Mar 12 2018","milton-keynes","Rifles",8
"Sun Mar 11 2018","Mon Mar 12 2018","milton-keynes","678",8
"Sun Mar 11 2018","Mon Mar 12 2018","milton-keynes","Squadron",8
"Mon Mar 12 2018","Tue Mar 13 2018","milton-keynes","RT",76
"Mon Mar 12 2018","Tue Mar 13 2018","milton-keynes","Keynes",75
"Mon Mar 12 2018","Tue Mar 13 2018","milton-keynes","Milton",74
"Mon Mar 12 2018","Tue Mar 13 2018","milton-keynes","great",19
"Mon Mar 12 2018","Tue Mar 13 2018","milton-keynes","new",15
"Mon Mar 12 2018","Tue Mar 13 2018","milton-keynes","Land",14
"Mon Mar 12 2018","Tue Mar 13 2018","milton-keynes","Disruption",14
"Mon Mar 12 2018","Tue Mar 13 2018","milton-keynes","roundabouts",14
"Mon Mar 12 2018","Tue Mar 13 2018","milton-keynes","causing",14
"Mon Mar 12 2018","Tue Mar 13 2018","milton-keynes","significant",14
"Mon Mar 12 2018","Tue Mar 13 2018","milton-keynes","don",14
"Mon Mar 12 2018","Tue Mar 13 2018","milton-keynes","Waste",14
"Mon Mar 12 2018","Tue Mar 13 2018","milton-keynes","picket",14
"Mon Mar 12 2018","Tue Mar 13 2018","milton-keynes","Line",14
"Mon Mar 12 2018","Tue Mar 13 2018","milton-keynes","time",14
"Mon Mar 12 2018","Tue Mar 13 2018","milton-keynes","Queuing",14
"Mon Mar 12 2018","Tue Mar 13 2018","milton-keynes","Bletchley",13
"Mon Mar 12 2018","Tue Mar 13 2018","milton-keynes","library",12
"Mon Mar 12 2018","Tue Mar 13 2018","milton-keynes","Community",12
"Mon Mar 12 2018","Tue Mar 13 2018","milton-keynes","follow",12
"Tue Mar 13 2018","Wed Mar 14 2018","milton-keynes","Milton",64
"Tue Mar 13 2018","Wed Mar 14 2018","milton-keynes","Keynes",64
"Tue Mar 13 2018","Wed Mar 14 2018","milton-keynes","RT",61
"Tue Mar 13 2018","Wed Mar 14 2018","milton-keynes","re",20
"Tue Mar 13 2018","Wed Mar 14 2018","milton-keynes","hospital",13
"Tue Mar 13 2018","Wed Mar 14 2018","milton-keynes","MK",13
"Tue Mar 13 2018","Wed Mar 14 2018","milton-keynes","Thanks",12
"Tue Mar 13 2018","Wed Mar 14 2018","milton-keynes","dad",11
"Tue Mar 13 2018","Wed Mar 14 2018","milton-keynes","delighted",10
"Tue Mar 13 2018","Wed Mar 14 2018","milton-keynes","announce",10
"Tue Mar 13 2018","Wed Mar 14 2018","milton-keynes","2018",10
"Tue Mar 13 2018","Wed Mar 14 2018","milton-keynes","update",10
"Tue Mar 13 2018","Wed Mar 14 2018","milton-keynes","Ben",10
"Tue Mar 13 2018","Wed Mar 14 2018","milton-keynes","discharged",10
"Tue Mar 13 2018","Wed Mar 14 2018","milton-keynes","Morgan",10
"Tue Mar 13 2018","Wed Mar 14 2018","milton-keynes","disabled",10
"Tue Mar 13 2018","Wed Mar 14 2018","milton-keynes","theme",9
"Tue Mar 13 2018","Wed Mar 14 2018","milton-keynes","Movement",9
"Tue Mar 13 2018","Wed Mar 14 2018","milton-keynes","inviting",9
"Tue Mar 13 2018","Wed Mar 14 2018","milton-keynes","surrounding",9
"Wed Mar 14 2018","Thu Mar 15 2018","milton-keynes","Keynes",52
"Wed Mar 14 2018","Thu Mar 15 2018","milton-keynes","Milton",51
"Wed Mar 14 2018","Thu Mar 15 2018","milton-keynes","RT",36
"Wed Mar 14 2018","Thu Mar 15 2018","milton-keynes","council",12
"Wed Mar 14 2018","Thu Mar 15 2018","milton-keynes","can",12
"Wed Mar 14 2018","Thu Mar 15 2018","milton-keynes","2018",8
"Wed Mar 14 2018","Thu Mar 15 2018","milton-keynes","re",8
"Wed Mar 14 2018","Thu Mar 15 2018","milton-keynes","will",7
"Wed Mar 14 2018","Thu Mar 15 2018","milton-keynes","get",7
"Wed Mar 14 2018","Thu Mar 15 2018","milton-keynes","Gift",7
"Wed Mar 14 2018","Thu Mar 15 2018","milton-keynes","Wellbeing",6
"Wed Mar 14 2018","Thu Mar 15 2018","milton-keynes","samaritans",6
"Wed Mar 14 2018","Thu Mar 15 2018","milton-keynes","tackle",6
"Wed Mar 14 2018","Thu Mar 15 2018","milton-keynes","Homelessness",6
"Wed Mar 14 2018","Thu Mar 15 2018","milton-keynes","treatment",6
"Wed Mar 14 2018","Thu Mar 15 2018","milton-keynes","News",6
"Wed Mar 14 2018","Thu Mar 15 2018","milton-keynes","know",6
"Wed Mar 14 2018","Thu Mar 15 2018","milton-keynes","FREE",6
"Wed Mar 14 2018","Thu Mar 15 2018","milton-keynes","show",6
"Wed Mar 14 2018","Thu Mar 15 2018","milton-keynes","BBC",6
"Thu Mar 15 2018","Fri Mar 16 2018","milton-keynes","Milton",47
"Thu Mar 15 2018","Fri Mar 16 2018","milton-keynes","Keynes",47
"Thu Mar 15 2018","Fri Mar 16 2018","milton-keynes","RT",44
"Thu Mar 15 2018","Fri Mar 16 2018","milton-keynes","great",22
"Thu Mar 15 2018","Fri Mar 16 2018","milton-keynes","launch",18
"Thu Mar 15 2018","Fri Mar 16 2018","milton-keynes","Community",18
"Thu Mar 15 2018","Fri Mar 16 2018","milton-keynes","new",14
"Thu Mar 15 2018","Fri Mar 16 2018","milton-keynes","part",12
"Thu Mar 15 2018","Fri Mar 16 2018","milton-keynes","Morning",10
"Thu Mar 15 2018","Fri Mar 16 2018","milton-keynes","Day",10
"Thu Mar 15 2018","Fri Mar 16 2018","milton-keynes","sharing",9
"Thu Mar 15 2018","Fri Mar 16 2018","milton-keynes","people",9
"Thu Mar 15 2018","Fri Mar 16 2018","milton-keynes","home",9
"Thu Mar 15 2018","Fri Mar 16 2018","milton-keynes","working",9
"Thu Mar 15 2018","Fri Mar 16 2018","milton-keynes","keep",8
"Thu Mar 15 2018","Fri Mar 16 2018","milton-keynes","representing",8
"Thu Mar 15 2018","Fri Mar 16 2018","milton-keynes","Model",8
"Thu Mar 15 2018","Fri Mar 16 2018","milton-keynes","Learning",8
"Thu Mar 15 2018","Fri Mar 16 2018","milton-keynes","meeting",8
"Thu Mar 15 2018","Fri Mar 16 2018","milton-keynes","integrated",8
"Fri Mar 16 2018","Sat Mar 17 2018","milton-keynes","RT",75
"Fri Mar 16 2018","Sat Mar 17 2018","milton-keynes","Keynes",67
"Fri Mar 16 2018","Sat Mar 17 2018","milton-keynes","Milton",67
"Fri Mar 16 2018","Sat Mar 17 2018","milton-keynes","will",23
"Fri Mar 16 2018","Sat Mar 17 2018","milton-keynes","Rough sleepers",17
"Fri Mar 16 2018","Sat Mar 17 2018","milton-keynes","Emergency",17
"Fri Mar 16 2018","Sat Mar 17 2018","milton-keynes","today",17
"Fri Mar 16 2018","Sat Mar 17 2018","milton-keynes","available",17
"Fri Mar 16 2018","Sat Mar 17 2018","milton-keynes","Homeless",17
"Fri Mar 16 2018","Sat Mar 17 2018","milton-keynes","low",16
"Fri Mar 16 2018","Sat Mar 17 2018","milton-keynes","accommodation",16
"Fri Mar 16 2018","Sat Mar 17 2018","milton-keynes","March",16
"Fri Mar 16 2018","Sat Mar 17 2018","milton-keynes","SWEP",16
"Fri Mar 16 2018","Sat Mar 17 2018","milton-keynes","activated",16
"Fri Mar 16 2018","Sat Mar 17 2018","milton-keynes","means",16
"Fri Mar 16 2018","Sat Mar 17 2018","milton-keynes","overni",15
"Fri Mar 16 2018","Sat Mar 17 2018","milton-keynes","new",15
"Fri Mar 16 2018","Sat Mar 17 2018","milton-keynes","see",14
"Fri Mar 16 2018","Sat Mar 17 2018","milton-keynes","week",13
"Fri Mar 16 2018","Sat Mar 17 2018","milton-keynes","17",13
"Sat Mar 17 2018","Sun Mar 18 2018","milton-keynes","Keynes",55
"Sat Mar 17 2018","Sun Mar 18 2018","milton-keynes","Milton",54
"Sat Mar 17 2018","Sun Mar 18 2018","milton-keynes","RT",44
"Sat Mar 17 2018","Sun Mar 18 2018","milton-keynes","today",30
"Sat Mar 17 2018","Sun Mar 18 2018","milton-keynes","available",14
"Sat Mar 17 2018","Sun Mar 18 2018","milton-keynes","means",14
"Sat Mar 17 2018","Sun Mar 18 2018","milton-keynes","Rough sleepers",14
"Sat Mar 17 2018","Sun Mar 18 2018","milton-keynes","activated",13
"Sat Mar 17 2018","Sun Mar 18 2018","milton-keynes","SWEP",13
"Sat Mar 17 2018","Sun Mar 18 2018","milton-keynes","Emergency",13
"Sat Mar 17 2018","Sun Mar 18 2018","milton-keynes","low",13
"Sat Mar 17 2018","Sun Mar 18 2018","milton-keynes","overni",13
"Sat Mar 17 2018","Sun Mar 18 2018","milton-keynes","accommodation",13
"Sat Mar 17 2018","Sun Mar 18 2018","milton-keynes","visit",10
"Sat Mar 17 2018","Sun Mar 18 2018","milton-keynes","Compass",9
"Sat Mar 17 2018","Sun Mar 18 2018","milton-keynes","better",8
"Sat Mar 17 2018","Sun Mar 18 2018","milton-keynes","hospital",8
"Sat Mar 17 2018","Sun Mar 18 2018","milton-keynes","listener",8
"Sat Mar 17 2018","Sun Mar 18 2018","milton-keynes","friends",8
"Sat Mar 17 2018","Sun Mar 18 2018","milton-keynes","Day",8
"Sun Mar 18 2018","Mon Mar 19 2018","milton-keynes","RT",195
"Sun Mar 18 2018","Mon Mar 19 2018","milton-keynes","Community",175
"Sun Mar 18 2018","Mon Mar 19 2018","milton-keynes","Homeless",175
"Sun Mar 18 2018","Mon Mar 19 2018","milton-keynes","next",169
"Sun Mar 18 2018","Mon Mar 19 2018","milton-keynes","Kent",167
"Sun Mar 18 2018","Mon Mar 19 2018","milton-keynes","dogs",167
"Sun Mar 18 2018","Mon Mar 19 2018","milton-keynes","couple",167
"Sun Mar 18 2018","Mon Mar 19 2018","milton-keynes","Oxford",167
"Sun Mar 18 2018","Mon Mar 19 2018","milton-keynes","supporting",167
"Sun Mar 18 2018","Mon Mar 19 2018","milton-keynes","london",167
"Sun Mar 18 2018","Mon Mar 19 2018","milton-keynes","weeks",167
"Sun Mar 18 2018","Mon Mar 19 2018","milton-keynes","streets",167
"Sun Mar 18 2018","Mon Mar 19 2018","milton-keynes","Dundee",167
"Sun Mar 18 2018","Mon Mar 19 2018","milton-keynes","Keynes",36
"Sun Mar 18 2018","Mon Mar 19 2018","milton-keynes","Milton",36
"Sun Mar 18 2018","Mon Mar 19 2018","milton-keynes","Homelessness",11
"Sun Mar 18 2018","Mon Mar 19 2018","milton-keynes","council",10
"Sun Mar 18 2018","Mon Mar 19 2018","milton-keynes","death",7
"Sun Mar 18 2018","Mon Mar 19 2018","milton-keynes","mourns",7
"Sun Mar 18 2018","Mon Mar 19 2018","milton-keynes","get",6
"Mon Mar 19 2018","Tue Mar 20 2018","milton-keynes","RT",64
"Mon Mar 19 2018","Tue Mar 20 2018","milton-keynes","Keynes",54
"Mon Mar 19 2018","Tue Mar 20 2018","milton-keynes","Milton",54
"Mon Mar 19 2018","Tue Mar 20 2018","milton-keynes","Homeless",32
"Mon Mar 19 2018","Tue Mar 20 2018","milton-keynes","Community",19
"Mon Mar 19 2018","Tue Mar 20 2018","milton-keynes","Thursday",15
"Mon Mar 19 2018","Tue Mar 20 2018","milton-keynes","will",14
"Mon Mar 19 2018","Tue Mar 20 2018","milton-keynes","next",14
"Mon Mar 19 2018","Tue Mar 20 2018","milton-keynes","Oxford",13
"Mon Mar 19 2018","Tue Mar 20 2018","milton-keynes","london",13
"Mon Mar 19 2018","Tue Mar 20 2018","milton-keynes","soars",12
"Mon Mar 19 2018","Tue Mar 20 2018","milton-keynes","number",12
"Mon Mar 19 2018","Tue Mar 20 2018","milton-keynes","Tent",12
"Mon Mar 19 2018","Tue Mar 20 2018","milton-keynes","mental health",12
"Mon Mar 19 2018","Tue Mar 20 2018","milton-keynes","weeks",12
"Mon Mar 19 2018","Tue Mar 20 2018","milton-keynes","Dundee",12
"Mon Mar 19 2018","Tue Mar 20 2018","milton-keynes","Kent",12
"Mon Mar 19 2018","Tue Mar 20 2018","milton-keynes","becomes",12
"Mon Mar 19 2018","Tue Mar 20 2018","milton-keynes","couple",12
"Mon Mar 19 2018","Tue Mar 20 2018","milton-keynes","supporting",12
"Tue Mar 20 2018","Wed Mar 21 2018","milton-keynes","RT",55
"Tue Mar 20 2018","Wed Mar 21 2018","milton-keynes","Milton",54
"Tue Mar 20 2018","Wed Mar 21 2018","milton-keynes","Keynes",53
"Tue Mar 20 2018","Wed Mar 21 2018","milton-keynes","will",16
"Tue Mar 20 2018","Wed Mar 21 2018","milton-keynes","2018",16
"Tue Mar 20 2018","Wed Mar 21 2018","milton-keynes","MK",14
"Tue Mar 20 2018","Wed Mar 21 2018","milton-keynes","celebrate",13
"Tue Mar 20 2018","Wed Mar 21 2018","milton-keynes","Day",12
"Tue Mar 20 2018","Wed Mar 21 2018","milton-keynes","snap",12
"Tue Mar 20 2018","Wed Mar 21 2018","milton-keynes","please",12
"Tue Mar 20 2018","Wed Mar 21 2018","milton-keynes","joining",10
"Tue Mar 20 2018","Wed Mar 21 2018","milton-keynes","tomorrow",10
"Tue Mar 20 2018","Wed Mar 21 2018","milton-keynes","world",9
"Tue Mar 20 2018","Wed Mar 21 2018","milton-keynes","syndrome",9
"Tue Mar 20 2018","Wed Mar 21 2018","milton-keynes","spread",9
"Tue Mar 20 2018","Wed Mar 21 2018","milton-keynes","Community",8
"Tue Mar 20 2018","Wed Mar 21 2018","milton-keynes","Homeless",8
"Tue Mar 20 2018","Wed Mar 21 2018","milton-keynes","hospital",8
"Tue Mar 20 2018","Wed Mar 21 2018","milton-keynes","application",7
"Tue Mar 20 2018","Wed Mar 21 2018","milton-keynes","provider",7
"Wed Mar 21 2018","Thu Mar 22 2018","milton-keynes","RT",46
"Wed Mar 21 2018","Thu Mar 22 2018","milton-keynes","Milton",45
"Wed Mar 21 2018","Thu Mar 22 2018","milton-keynes","Keynes",45
"Wed Mar 21 2018","Thu Mar 22 2018","milton-keynes","new",22
"Wed Mar 21 2018","Thu Mar 22 2018","milton-keynes","help",11
"Wed Mar 21 2018","Thu Mar 22 2018","milton-keynes","Community",10
"Wed Mar 21 2018","Thu Mar 22 2018","milton-keynes","re",10
"Wed Mar 21 2018","Thu Mar 22 2018","milton-keynes","Looking",10
"Wed Mar 21 2018","Thu Mar 22 2018","milton-keynes","University",10
"Wed Mar 21 2018","Thu Mar 22 2018","milton-keynes","will",8
"Wed Mar 21 2018","Thu Mar 22 2018","milton-keynes","Day",8
"Wed Mar 21 2018","Thu Mar 22 2018","milton-keynes","great",8
"Wed Mar 21 2018","Thu Mar 22 2018","milton-keynes","team",7
"Wed Mar 21 2018","Thu Mar 22 2018","milton-keynes","beats",7
"Wed Mar 21 2018","Thu Mar 22 2018","milton-keynes","keys",7
"Wed Mar 21 2018","Thu Mar 22 2018","milton-keynes","thrilled",7
"Wed Mar 21 2018","Thu Mar 22 2018","milton-keynes","present",7
"Wed Mar 21 2018","Thu Mar 22 2018","milton-keynes","supporting",7
"Wed Mar 21 2018","Thu Mar 22 2018","milton-keynes","winners",7
"Wed Mar 21 2018","Thu Mar 22 2018","milton-keynes","Volkswagen",7
"Thu Mar 22 2018","Fri Mar 23 2018","milton-keynes","RT",61
"Thu Mar 22 2018","Fri Mar 23 2018","milton-keynes","Keynes",58
"Thu Mar 22 2018","Fri Mar 23 2018","milton-keynes","Milton",58
"Thu Mar 22 2018","Fri Mar 23 2018","milton-keynes","GMB",19
"Thu Mar 22 2018","Fri Mar 23 2018","milton-keynes","attend",19
"Thu Mar 22 2018","Fri Mar 23 2018","milton-keynes","opposing",19
"Thu Mar 22 2018","Fri Mar 23 2018","milton-keynes","outsourcing",19
"Thu Mar 22 2018","Fri Mar 23 2018","milton-keynes","meeting",19
"Thu Mar 22 2018","Fri Mar 23 2018","milton-keynes","Bedfordshire",16
"Thu Mar 22 2018","Fri Mar 23 2018","milton-keynes","Luton",16
"Thu Mar 22 2018","Fri Mar 23 2018","milton-keynes","great",13
"Thu Mar 22 2018","Fri Mar 23 2018","milton-keynes","University",10
"Thu Mar 22 2018","Fri Mar 23 2018","milton-keynes","new",10
"Thu Mar 22 2018","Fri Mar 23 2018","milton-keynes","hospital",10
"Thu Mar 22 2018","Fri Mar 23 2018","milton-keynes","support",9
"Thu Mar 22 2018","Fri Mar 23 2018","milton-keynes","nhs",8
"Thu Mar 22 2018","Fri Mar 23 2018","milton-keynes","please",8
"Thu Mar 22 2018","Fri Mar 23 2018","milton-keynes","Donating",7
"Thu Mar 22 2018","Fri Mar 23 2018","milton-keynes","keep",7
"Thu Mar 22 2018","Fri Mar 23 2018","milton-keynes","boy",7
"Fri Mar 23 2018","Sat Mar 24 2018","milton-keynes","RT",42
"Fri Mar 23 2018","Sat Mar 24 2018","milton-keynes","Milton",38
"Fri Mar 23 2018","Sat Mar 24 2018","milton-keynes","Keynes",38
"Fri Mar 23 2018","Sat Mar 24 2018","milton-keynes","support",11
"Fri Mar 23 2018","Sat Mar 24 2018","milton-keynes","MK",11
"Fri Mar 23 2018","Sat Mar 24 2018","milton-keynes","welcome",9
"Fri Mar 23 2018","Sat Mar 24 2018","milton-keynes","family",9
"Fri Mar 23 2018","Sat Mar 24 2018","milton-keynes","HRH",9
"Fri Mar 23 2018","Sat Mar 24 2018","milton-keynes","Kent",9
"Fri Mar 23 2018","Sat Mar 24 2018","milton-keynes","Duke",9
"Fri Mar 23 2018","Sat Mar 24 2018","milton-keynes","Nursery",9
"Fri Mar 23 2018","Sat Mar 24 2018","milton-keynes","Maths",7
"Fri Mar 23 2018","Sat Mar 24 2018","milton-keynes","smoking",7
"Fri Mar 23 2018","Sat Mar 24 2018","milton-keynes","DV",7
"Fri Mar 23 2018","Sat Mar 24 2018","milton-keynes","children's centre",7
"Fri Mar 23 2018","Sat Mar 24 2018","milton-keynes","cooking",7
"Fri Mar 23 2018","Sat Mar 24 2018","milton-keynes","Brilliant",7
"Fri Mar 23 2018","Sat Mar 24 2018","milton-keynes","English",7
"Fri Mar 23 2018","Sat Mar 24 2018","milton-keynes","Musictime",7
"Fri Mar 23 2018","Sat Mar 24 2018","milton-keynes","cessat",7
"Sat Mar 24 2018","Sun Mar 25 2018","milton-keynes","Keynes",20
"Sat Mar 24 2018","Sun Mar 25 2018","milton-keynes","Milton",20
"Sat Mar 24 2018","Sun Mar 25 2018","milton-keynes","RT",19
"Sat Mar 24 2018","Sun Mar 25 2018","milton-keynes","today",11
"Sat Mar 24 2018","Sun Mar 25 2018","milton-keynes","Community",7
"Sat Mar 24 2018","Sun Mar 25 2018","milton-keynes","get",6
"Sat Mar 24 2018","Sun Mar 25 2018","milton-keynes","can",6
"Sat Mar 24 2018","Sun Mar 25 2018","milton-keynes","Event",6
"Sat Mar 24 2018","Sun Mar 25 2018","milton-keynes","Easter",6
"Sat Mar 24 2018","Sun Mar 25 2018","milton-keynes","re",5
"Sat Mar 24 2018","Sun Mar 25 2018","milton-keynes","10",5
"Sat Mar 24 2018","Sun Mar 25 2018","milton-keynes","along",5
"Sat Mar 24 2018","Sun Mar 25 2018","milton-keynes","time",5
"Sat Mar 24 2018","Sun Mar 25 2018","milton-keynes","Hop",4
"Sat Mar 24 2018","Sun Mar 25 2018","milton-keynes","Nurseries",4
"Sat Mar 24 2018","Sun Mar 25 2018","milton-keynes","ears",4
"Sat Mar 24 2018","Sun Mar 25 2018","milton-keynes","AMAZING",4
"Sat Mar 24 2018","Sun Mar 25 2018","milton-keynes","bunnies",4
"Sat Mar 24 2018","Sun Mar 25 2018","milton-keynes","Alban",4
"Sat Mar 24 2018","Sun Mar 25 2018","milton-keynes","Morning",4
"Sun Mar 25 2018","Mon Mar 26 2018","milton-keynes","RT",9
"Sun Mar 25 2018","Mon Mar 26 2018","milton-keynes","Keynes",6
"Sun Mar 25 2018","Mon Mar 26 2018","milton-keynes","Milton",6
"Sun Mar 25 2018","Mon Mar 26 2018","milton-keynes","Day",5
"Sun Mar 25 2018","Mon Mar 26 2018","milton-keynes","Community",4
"Sun Mar 25 2018","Mon Mar 26 2018","milton-keynes","Go",4
"Sun Mar 25 2018","Mon Mar 26 2018","milton-keynes","patients",4
"Sun Mar 25 2018","Mon Mar 26 2018","milton-keynes","last",4
"Sun Mar 25 2018","Mon Mar 26 2018","milton-keynes","channel",3
"Sun Mar 25 2018","Mon Mar 26 2018","milton-keynes","cuts",3
"Sun Mar 25 2018","Mon Mar 26 2018","milton-keynes","PokÃ©mon",3
"Sun Mar 25 2018","Mon Mar 26 2018","milton-keynes","21,876",3
"Sun Mar 25 2018","Mon Mar 26 2018","milton-keynes","car",3
"Sun Mar 25 2018","Mon Mar 26 2018","milton-keynes","year",3
"Sun Mar 25 2018","Mon Mar 26 2018","milton-keynes","527,121",3
"Sun Mar 25 2018","Mon Mar 26 2018","milton-keynes","Vlog",3
"Sun Mar 25 2018","Mon Mar 26 2018","milton-keynes","took",3
"Sun Mar 25 2018","Mon Mar 26 2018","milton-keynes","now",3
"Sun Mar 25 2018","Mon Mar 26 2018","milton-keynes","miles",3
"Sun Mar 25 2018","Mon Mar 26 2018","milton-keynes","appointments",3
"Mon Mar 26 2018","Tue Mar 27 2018","milton-keynes","RT",105
"Mon Mar 26 2018","Tue Mar 27 2018","milton-keynes","dumped",75
"Mon Mar 26 2018","Tue Mar 27 2018","milton-keynes","GOLDINGTON",75
"Mon Mar 26 2018","Tue Mar 27 2018","milton-keynes","Stoke",75
"Mon Mar 26 2018","Tue Mar 27 2018","milton-keynes","YORKIES",75
"Mon Mar 26 2018","Tue Mar 27 2018","milton-keynes","HORTON",75
"Mon Mar 26 2018","Tue Mar 27 2018","milton-keynes","Milton",36
"Mon Mar 26 2018","Tue Mar 27 2018","milton-keynes","Keynes",36
"Mon Mar 26 2018","Tue Mar 27 2018","milton-keynes","new",13
"Mon Mar 26 2018","Tue Mar 27 2018","milton-keynes","Community",12
"Mon Mar 26 2018","Tue Mar 27 2018","milton-keynes","library",10
"Mon Mar 26 2018","Tue Mar 27 2018","milton-keynes","available",9
"Mon Mar 26 2018","Tue Mar 27 2018","milton-keynes","Homeless",8
"Mon Mar 26 2018","Tue Mar 27 2018","milton-keynes","Easter",8
"Mon Mar 26 2018","Tue Mar 27 2018","milton-keynes","may",6
"Mon Mar 26 2018","Tue Mar 27 2018","milton-keynes","great",6
"Mon Mar 26 2018","Tue Mar 27 2018","milton-keynes","Nurse",6
"Mon Mar 26 2018","Tue Mar 27 2018","milton-keynes","City",6
"Mon Mar 26 2018","Tue Mar 27 2018","milton-keynes","fun",6
"Mon Mar 26 2018","Tue Mar 27 2018","milton-keynes","MK",6
"Tue Mar 27 2018","Wed Mar 28 2018","milton-keynes","Keynes",39
"Tue Mar 27 2018","Wed Mar 28 2018","milton-keynes","RT",38
"Tue Mar 27 2018","Wed Mar 28 2018","milton-keynes","Milton",37
"Tue Mar 27 2018","Wed Mar 28 2018","milton-keynes","Stoke",12
"Tue Mar 27 2018","Wed Mar 28 2018","milton-keynes","HORTON",12
"Tue Mar 27 2018","Wed Mar 28 2018","milton-keynes","YORKIES",12
"Tue Mar 27 2018","Wed Mar 28 2018","milton-keynes","GOLDINGTON",12
"Tue Mar 27 2018","Wed Mar 28 2018","milton-keynes","dumped",12
"Tue Mar 27 2018","Wed Mar 28 2018","milton-keynes","first",9
"Tue Mar 27 2018","Wed Mar 28 2018","milton-keynes","Fantastic",9
"Tue Mar 27 2018","Wed Mar 28 2018","milton-keynes","Housing",9
"Tue Mar 27 2018","Wed Mar 28 2018","milton-keynes","helping",8
"Tue Mar 27 2018","Wed Mar 28 2018","milton-keynes","like",8
"Tue Mar 27 2018","Wed Mar 28 2018","milton-keynes","Smart",8
"Tue Mar 27 2018","Wed Mar 28 2018","milton-keynes","get",8
"Tue Mar 27 2018","Wed Mar 28 2018","milton-keynes","Event",7
"Tue Mar 27 2018","Wed Mar 28 2018","milton-keynes","today",7
"Tue Mar 27 2018","Wed Mar 28 2018","milton-keynes","home",7
"Tue Mar 27 2018","Wed Mar 28 2018","milton-keynes","info",6
"Tue Mar 27 2018","Wed Mar 28 2018","milton-keynes","well",6
"Wed Mar 28 2018","Thu Mar 29 2018","milton-keynes","RT",28
"Wed Mar 28 2018","Thu Mar 29 2018","milton-keynes","Keynes",26
"Wed Mar 28 2018","Thu Mar 29 2018","milton-keynes","Milton",26
"Wed Mar 28 2018","Thu Mar 29 2018","milton-keynes","will",11
"Wed Mar 28 2018","Thu Mar 29 2018","milton-keynes","find",11
"Wed Mar 28 2018","Thu Mar 29 2018","milton-keynes","mum",9
"Wed Mar 28 2018","Thu Mar 29 2018","milton-keynes","room",8
"Wed Mar 28 2018","Thu Mar 29 2018","milton-keynes","good",8
"Wed Mar 28 2018","Thu Mar 29 2018","milton-keynes","help",8
"Wed Mar 28 2018","Thu Mar 29 2018","milton-keynes","possible",8
"Wed Mar 28 2018","Thu Mar 29 2018","milton-keynes","night",8
"Wed Mar 28 2018","Thu Mar 29 2018","milton-keynes","Ward",8
"Wed Mar 28 2018","Thu Mar 29 2018","milton-keynes","home",7
"Wed Mar 28 2018","Thu Mar 29 2018","milton-keynes","disabled",7
"Wed Mar 28 2018","Thu Mar 29 2018","milton-keynes","middle",7
"Wed Mar 28 2018","Thu Mar 29 2018","milton-keynes","side",7
"Wed Mar 28 2018","Thu Mar 29 2018","milton-keynes","Housing",7
"Wed Mar 28 2018","Thu Mar 29 2018","milton-keynes","Wake",7
"Wed Mar 28 2018","Thu Mar 29 2018","milton-keynes","today",7
"Wed Mar 28 2018","Thu Mar 29 2018","milton-keynes","Community",7
"Thu Mar 29 2018","Fri Mar 30 2018","milton-keynes","RT",261
"Thu Mar 29 2018","Fri Mar 30 2018","milton-keynes","Milton",251
"Thu Mar 29 2018","Fri Mar 30 2018","milton-keynes","Keynes",251
"Thu Mar 29 2018","Fri Mar 30 2018","milton-keynes","Social housing",225
"Thu Mar 29 2018","Fri Mar 30 2018","milton-keynes","rain",224
"Thu Mar 29 2018","Fri Mar 30 2018","milton-keynes","Corbyn",221
"Thu Mar 29 2018","Fri Mar 30 2018","milton-keynes","Site",221
"Thu Mar 29 2018","Fri Mar 30 2018","milton-keynes","WORKERS",221
"Thu Mar 29 2018","Fri Mar 30 2018","milton-keynes","afternoon",221
"Thu Mar 29 2018","Fri Mar 30 2018","milton-keynes","building",220
"Thu Mar 29 2018","Fri Mar 30 2018","milton-keynes","Jeremy",220
"Thu Mar 29 2018","Fri Mar 30 2018","milton-keynes","hours",220
"Thu Mar 29 2018","Fri Mar 30 2018","milton-keynes","waited",220
"Thu Mar 29 2018","Fri Mar 30 2018","milton-keynes","thi",219
"Thu Mar 29 2018","Fri Mar 30 2018","milton-keynes","Buckinghamshire",11
"Thu Mar 29 2018","Fri Mar 30 2018","milton-keynes","will",9
"Thu Mar 29 2018","Fri Mar 30 2018","milton-keynes","know",8
"Thu Mar 29 2018","Fri Mar 30 2018","milton-keynes","help",8
"Thu Mar 29 2018","Fri Mar 30 2018","milton-keynes","can",8
"Thu Mar 29 2018","Fri Mar 30 2018","milton-keynes","March",7
"Fri Mar 30 2018","Sat Mar 31 2018","milton-keynes","RT",122
"Fri Mar 30 2018","Sat Mar 31 2018","milton-keynes","Keynes",99
"Fri Mar 30 2018","Sat Mar 31 2018","milton-keynes","Milton",99
"Fri Mar 30 2018","Sat Mar 31 2018","milton-keynes","rain",85
"Fri Mar 30 2018","Sat Mar 31 2018","milton-keynes","waited",81
"Fri Mar 30 2018","Sat Mar 31 2018","milton-keynes","hours",81
"Fri Mar 30 2018","Sat Mar 31 2018","milton-keynes","Corbyn",81
"Fri Mar 30 2018","Sat Mar 31 2018","milton-keynes","Site",81
"Fri Mar 30 2018","Sat Mar 31 2018","milton-keynes","Jeremy",81
"Fri Mar 30 2018","Sat Mar 31 2018","milton-keynes","afternoon",81
"Fri Mar 30 2018","Sat Mar 31 2018","milton-keynes","thi",81
"Fri Mar 30 2018","Sat Mar 31 2018","milton-keynes","WORKERS",81
"Fri Mar 30 2018","Sat Mar 31 2018","milton-keynes","Social housing",81
"Fri Mar 30 2018","Sat Mar 31 2018","milton-keynes","building",81
"Fri Mar 30 2018","Sat Mar 31 2018","milton-keynes","take",17
"Fri Mar 30 2018","Sat Mar 31 2018","milton-keynes","may",15
"Fri Mar 30 2018","Sat Mar 31 2018","milton-keynes","Rough sleepers",15
"Fri Mar 30 2018","Sat Mar 31 2018","milton-keynes","problem",14
"Fri Mar 30 2018","Sat Mar 31 2018","milton-keynes","refuses",13
"Fri Mar 30 2018","Sat Mar 31 2018","milton-keynes","five",13
"Sat Mar 31 2018","Sun Apr 01 2018","milton-keynes","Keynes",43
"Sat Mar 31 2018","Sun Apr 01 2018","milton-keynes","Milton",42
"Sat Mar 31 2018","Sun Apr 01 2018","milton-keynes","RT",38
"Sat Mar 31 2018","Sun Apr 01 2018","milton-keynes","Social housing",16
"Sat Mar 31 2018","Sun Apr 01 2018","milton-keynes","City",10
"Sat Mar 31 2018","Sun Apr 01 2018","milton-keynes","Homeless",10
"Sat Mar 31 2018","Sun Apr 01 2018","milton-keynes","number",9
"Sat Mar 31 2018","Sun Apr 01 2018","milton-keynes","Tent",9
"Sat Mar 31 2018","Sun Apr 01 2018","milton-keynes","soars",9
"Sat Mar 31 2018","Sun Apr 01 2018","milton-keynes","becomes",9
"Sat Mar 31 2018","Sun Apr 01 2018","milton-keynes","us",9
"Sat Mar 31 2018","Sun Apr 01 2018","milton-keynes","rain",8
"Sat Mar 31 2018","Sun Apr 01 2018","milton-keynes","can",8
"Sat Mar 31 2018","Sun Apr 01 2018","milton-keynes","people",8
"Sat Mar 31 2018","Sun Apr 01 2018","milton-keynes","Jeremy",8
"Sat Mar 31 2018","Sun Apr 01 2018","milton-keynes","visit",7
"Sat Mar 31 2018","Sun Apr 01 2018","milton-keynes","Development",7
"Sat Mar 31 2018","Sun Apr 01 2018","milton-keynes","turn",7
"Sat Mar 31 2018","Sun Apr 01 2018","milton-keynes","prearranged",6
"Sat Mar 31 2018","Sun Apr 01 2018","milton-keynes","Corbyn",6
"Sun Apr 01 2018","Mon Apr 02 2018","milton-keynes","RT",37
"Sun Apr 01 2018","Mon Apr 02 2018","milton-keynes","Keynes",30
"Sun Apr 01 2018","Mon Apr 02 2018","milton-keynes","Milton",30
"Sun Apr 01 2018","Mon Apr 02 2018","milton-keynes","Social housing",17
"Sun Apr 01 2018","Mon Apr 02 2018","milton-keynes","Corbyn",16
"Sun Apr 01 2018","Mon Apr 02 2018","milton-keynes","Jeremy",15
"Sun Apr 01 2018","Mon Apr 02 2018","milton-keynes","afternoon",14
"Sun Apr 01 2018","Mon Apr 02 2018","milton-keynes","WORKERS",14
"Sun Apr 01 2018","Mon Apr 02 2018","milton-keynes","thi",14
"Sun Apr 01 2018","Mon Apr 02 2018","milton-keynes","building",14
"Sun Apr 01 2018","Mon Apr 02 2018","milton-keynes","waited",14
"Sun Apr 01 2018","Mon Apr 02 2018","milton-keynes","Site",14
"Sun Apr 01 2018","Mon Apr 02 2018","milton-keynes","hours",14
"Sun Apr 01 2018","Mon Apr 02 2018","milton-keynes","rain",14
"Sun Apr 01 2018","Mon Apr 02 2018","milton-keynes","HORTON",8
"Sun Apr 01 2018","Mon Apr 02 2018","milton-keynes","YORKIES",8
"Sun Apr 01 2018","Mon Apr 02 2018","milton-keynes","GOLDINGTON",8
"Sun Apr 01 2018","Mon Apr 02 2018","milton-keynes","dumped",8
"Sun Apr 01 2018","Mon Apr 02 2018","milton-keynes","Stoke",8
"Sun Apr 01 2018","Mon Apr 02 2018","milton-keynes","days",6
"Mon Apr 02 2018","Tue Apr 03 2018","milton-keynes","RT",56
"Mon Apr 02 2018","Tue Apr 03 2018","milton-keynes","Keynes",41
"Mon Apr 02 2018","Tue Apr 03 2018","milton-keynes","Milton",41
"Mon Apr 02 2018","Tue Apr 03 2018","milton-keynes","council",26
"Mon Apr 02 2018","Tue Apr 03 2018","milton-keynes","Housing",26
"Mon Apr 02 2018","Tue Apr 03 2018","milton-keynes","Corbyn",22
"Mon Apr 02 2018","Tue Apr 03 2018","milton-keynes","Labour",21
"Mon Apr 02 2018","Tue Apr 03 2018","milton-keynes","record",20
"Mon Apr 02 2018","Tue Apr 03 2018","milton-keynes","chance",19
"Mon Apr 02 2018","Tue Apr 03 2018","milton-keynes","earlier",19
"Mon Apr 02 2018","Tue Apr 03 2018","milton-keynes","took",19
"Mon Apr 02 2018","Tue Apr 03 2018","milton-keynes","praise",19
"Mon Apr 02 2018","Tue Apr 03 2018","milton-keynes","councils",19
"Mon Apr 02 2018","Tue Apr 03 2018","milton-keynes","Hig",18
"Mon Apr 02 2018","Tue Apr 03 2018","milton-keynes","rain",11
"Mon Apr 02 2018","Tue Apr 03 2018","milton-keynes","Higher",9
"Mon Apr 02 2018","Tue Apr 03 2018","milton-keynes","UK",9
"Mon Apr 02 2018","Tue Apr 03 2018","milton-keynes","accredited",8
"Mon Apr 02 2018","Tue Apr 03 2018","milton-keynes","1000",8
"Mon Apr 02 2018","Tue Apr 03 2018","milton-keynes","nails",8
"Tue Apr 03 2018","Wed Apr 04 2018","milton-keynes","Keynes",26
"Tue Apr 03 2018","Wed Apr 04 2018","milton-keynes","Milton",26
"Tue Apr 03 2018","Wed Apr 04 2018","milton-keynes","RT",9
"Tue Apr 03 2018","Wed Apr 04 2018","milton-keynes","Community",8
"Tue Apr 03 2018","Wed Apr 04 2018","milton-keynes","Town",5
"Tue Apr 03 2018","Wed Apr 04 2018","milton-keynes","showcase",4
"Tue Apr 03 2018","Wed Apr 04 2018","milton-keynes","local",4
"Tue Apr 03 2018","Wed Apr 04 2018","milton-keynes","visiting",4
"Tue Apr 03 2018","Wed Apr 04 2018","milton-keynes","heritage",4
"Tue Apr 03 2018","Wed Apr 04 2018","milton-keynes","story",4
"Tue Apr 03 2018","Wed Apr 04 2018","milton-keynes","April",4
"Tue Apr 03 2018","Wed Apr 04 2018","milton-keynes","telling",4
"Tue Apr 03 2018","Wed Apr 04 2018","milton-keynes","helped",4
"Tue Apr 03 2018","Wed Apr 04 2018","milton-keynes","meeting",3
"Tue Apr 03 2018","Wed Apr 04 2018","milton-keynes","counts",3
"Tue Apr 03 2018","Wed Apr 04 2018","milton-keynes","charged",3
"Tue Apr 03 2018","Wed Apr 04 2018","milton-keynes","nhs",3
"Tue Apr 03 2018","Wed Apr 04 2018","milton-keynes","man",3
"Tue Apr 03 2018","Wed Apr 04 2018","milton-keynes","FRAUD",3
"Tue Apr 03 2018","Wed Apr 04 2018","milton-keynes","section",3
"Wed Apr 04 2018","Thu Apr 05 2018","milton-keynes","Milton",40
"Wed Apr 04 2018","Thu Apr 05 2018","milton-keynes","Keynes",40
"Wed Apr 04 2018","Thu Apr 05 2018","milton-keynes","RT",38
"Wed Apr 04 2018","Thu Apr 05 2018","milton-keynes","help",20
"Wed Apr 04 2018","Thu Apr 05 2018","milton-keynes","visit",11
"Wed Apr 04 2018","Thu Apr 05 2018","milton-keynes","Day",10
"Wed Apr 04 2018","Thu Apr 05 2018","milton-keynes","info",10
"Wed Apr 04 2018","Thu Apr 05 2018","milton-keynes","April",9
"Wed Apr 04 2018","Thu Apr 05 2018","milton-keynes","centre",9
"Wed Apr 04 2018","Thu Apr 05 2018","milton-keynes","make",9
"Wed Apr 04 2018","Thu Apr 05 2018","milton-keynes","apply",8
"Wed Apr 04 2018","Thu Apr 05 2018","milton-keynes","drive",8
"Wed Apr 04 2018","Thu Apr 05 2018","milton-keynes","cheer",8
"Wed Apr 04 2018","Thu Apr 05 2018","milton-keynes","adult",8
"Wed Apr 04 2018","Thu Apr 05 2018","milton-keynes","someone",8
"Wed Apr 04 2018","Thu Apr 05 2018","milton-keynes","hold",8
"Wed Apr 04 2018","Thu Apr 05 2018","milton-keynes","collection",8
"Wed Apr 04 2018","Thu Apr 05 2018","milton-keynes","Motivation",8
"Wed Apr 04 2018","Thu Apr 05 2018","milton-keynes","Gift",8
"Wed Apr 04 2018","Thu Apr 05 2018","milton-keynes","patient",8
